-71.63788483,-26.71829809,-19.31073988,8.987369352,10.797074,-18.24543487,-1.213282189,13.63137009,-14.40716635,22.51194781,-2.049866187,1.548392253,13.40852843,-12.15488732,-5.4669818,7.01402661,-7.186908731,5.421552209,8.324571443,3.594892414,-0.546622453,-10.29996926,4.469074255,-10.36663158,-5.828858848,-8.484217103,-2.730687035,-7.557311267,-0.064347472,-2.682860761,-3.060193331,4.591142982,-0.54343378,1.899486179,1.589456218,2.889471684,-2.154972184,-1.716740454,1.457856022,-0.685855731,-4.139487882,1.082772505,12.15459432,0.708023775,3.1927532,-2.302396131,0.023579857,2.744390514,0.533320472,-1.89E-13,1.87E-14,1.36E-15
-69.37277897,-29.86635634,-14.79338504,1.046756045,-1.679225374,3.163104514,4.076970412,2.001565092,0.070652953,-10.0909679,-3.503372003,-3.521269962,-4.972659852,7.498494798,-4.293681492,-5.932752747,2.477411004,-0.729705554,-16.1150391,-1.910882954,-7.94501768,5.061138806,4.055731436,3.957721137,8.340921537,1.788059595,6.568629139,-0.710535935,-0.239817057,1.78860462,3.755646707,-9.326320474,5.900694053,10.62560678,-10.77367768,7.388815725,-10.09078371,-1.913510957,-0.274999988,-6.249697909,-0.667038923,-5.206629287,9.376684451,-1.164519952,0.336927469,4.000281978,-1.884110234,0.455701735,1.52235764,-1.88E-13,1.95E-14,9.67E-16
-22.12865276,-5.327812281,30.31011947,-5.491186325,18.73928643,15.61268262,13.36705653,18.81975914,12.92031453,-9.160686713,6.554498034,-2.233306019,3.468060535,2.400819057,-6.102292499,11.99228011,-3.10801267,20.80649673,-8.074289735,0.863594364,14.49571758,-10.96350947,9.072807081,17.38886993,-0.931676964,-3.928862723,-5.20570817,2.532430943,-2.635177962,-0.464878355,-4.270614579,3.779263449,0.446540269,5.5721719,0.498470395,-1.99169668,1.960035895,-5.720849572,-1.569413291,-3.046244041,2.40912083,0.945828372,-2.239764661,-1.526723564,-0.518832324,0.043820816,0.739850436,0.637332003,0.237670564,-1.90E-13,4.56E-15,1.22E-15
-13.33749417,13.06839524,22.56649904,-12.65547189,28.01674881,10.59089736,19.77542446,4.504116649,17.28924348,-10.65702607,-4.109158725,-1.943175111,-12.55659856,1.018761493,-2.939436801,-8.719436237,-8.862606742,-20.36483773,16.64939544,-14.82276577,5.155330872,0.285012048,10.12912917,-13.22600439,-0.372262037,-5.800363954,0.221689813,-6.408063205,1.916382305,-4.716851409,4.52105641,0.874442618,1.014772771,3.088137628,-0.960626807,-3.321565114,0.450001395,-4.002122104,1.9237216,0.830368839,-0.710908723,-1.343265556,0.551175899,-0.267788155,-1.796047901,0.253668062,-1.064443849,1.301317817,0.943040968,-1.92E-13,-3.03E-15,2.56E-15
46.37878428,-9.902284008,-11.69292452,-1.603680998,16.90573901,5.767252078,-11.90257783,-11.83112792,1.888794186,13.29646291,-7.01772344,7.773162358,-1.987701957,6.154611238,-11.0157499,-1.972843938,0.310065257,0.050516649,1.29993497,9.651541354,8.743123558,4.31920118,4.533102206,-1.813229878,3.964086254,3.825721986,5.061835246,-3.502406746,2.395461083,0.271271305,5.112909858,0.855849937,1.979941149,-0.609119206,-3.606624113,-2.820309882,0.777775533,-0.92980343,-14.20793863,0.644552105,-0.246499929,12.38787175,2.717110416,-3.660250423,-2.775939279,4.881657026,9.130005667,-1.675088661,2.579420569,-1.87E-13,-3.17E-15,-2.18E-15
-35.72672374,-19.18646479,6.566634154,-9.333472377,34.21419175,2.980130462,0.774645352,6.966080306,1.805325903,-2.860646816,-1.396623508,-5.847769241,8.508512151,7.110859096,-15.87886248,-7.569512422,-3.402079872,1.680546361,-10.00594524,8.251319412,-23.95881833,5.490096977,-7.329199902,1.018173183,2.371298865,-4.928290674,7.826128561,-2.694304908,-0.23780447,-3.845173939,2.505630665,3.557704578,-1.08736576,1.147858402,11.35271913,-4.407147403,9.28062463,5.056495063,2.447746237,0.39807742,-2.363936962,-0.165452568,-3.480156543,1.229764907,-2.23805191,-0.703872673,0.09422852,-1.776100568,-0.051020137,-1.89E-13,1.12E-14,5.09E-16
58.34303483,2.033212329,-23.25503673,7.371405754,18.32178566,-15.45426092,-11.54392196,0.740980162,-9.035465523,-11.01613671,18.98793728,9.852659491,-28.55139898,-6.58591964,3.265037334,-8.363145526,-16.36756136,8.409602313,-1.0091776,0.118030226,-4.543258319,-12.48029816,3.764237273,5.538517809,0.460089041,8.440101592,0.23697503,-4.278431804,4.982927359,2.780654264,3.732862073,-6.812709157,0.782589976,-3.662664279,9.511050167,-0.005791313,-2.47794486,-2.343180626,1.0112798,-1.135667398,0.628991825,-0.346118334,0.490244995,2.483652839,-0.19346727,-1.97517445,0.60933213,-0.040731748,-0.108628054,-1.88E-13,-8.94E-15,-1.58E-15
-50.57548995,67.73980129,-27.93944848,-28.17715345,-0.442937207,-4.923518116,7.77947109,5.53359718,-3.027569951,-6.07801302,-8.297395757,3.061556175,-0.197367424,8.267663393,-10.65673752,-5.675779066,4.86296104,10.55103835,-5.579484568,-2.975249501,-0.24240499,-2.844449529,-1.447447513,-11.03980436,-4.569518027,5.120590386,-5.194352623,6.807158438,-4.059694898,-4.025685643,5.322801974,5.010232978,4.924261704,-3.85462534,2.613274058,4.488746597,-8.773763559,-0.764070238,-3.28700292,3.999316188,-2.240505553,2.27429916,-6.014540089,2.486463412,9.741595554,2.048310029,-0.641685699,0.809729017,0.528518849,-2.02E-13,-1.70E-14,9.28E-15
-71.36830921,-22.31793985,-9.01571252,-0.379938619,3.482788692,0.865956853,-0.10403682,7.561915432,-3.560151111,5.47712434,4.726899162,4.329132637,6.460225435,6.208679361,-2.646033378,4.959429899,-3.814075739,-0.742101265,4.047419344,-3.914652675,-1.784787299,-1.697415413,-2.970294569,4.678401826,-2.044995366,-2.63216954,-0.863280468,-1.327355032,0.338759787,7.17398857,5.81737775,-10.28298469,3.107425073,-10.24413531,-9.856196273,4.270370586,0.495911786,-2.573588357,12.07817998,9.580535902,3.363044483,7.625908167,-6.439551633,2.596462072,-5.902430809,5.159727699,1.828401253,4.362113206,-2.339936514,-1.90E-13,1.72E-14,1.76E-15
-64.67975054,-35.50696557,-28.43116373,5.913842434,-0.770272711,-6.373765511,8.972706724,-4.041310918,-3.939843064,-4.614322134,-15.1924026,-5.770772475,0.097712504,-3.14964728,-1.35084313,-10.36385672,0.854720004,-3.555440726,2.565164272,-13.39055216,5.235837164,4.763082556,2.908338479,8.889241415,4.933706089,5.183904044,4.562961771,9.415529323,10.59915514,10.04467558,-6.819551904,8.836243686,-12.28972181,-0.948289578,6.672687601,5.881226122,0.675657408,-4.103699676,0.225797889,0.301701707,-2.952799268,6.600899059,-1.512415656,-3.049325623,0.910428147,-2.196944463,-2.295076653,-1.633071508,-1.639930398,-1.87E-13,2.08E-14,2.36E-16
-14.71767299,-17.07807636,22.16132869,-11.40297932,-5.364355962,7.243191753,11.26615275,-4.550326267,-5.420476631,-5.558621572,-1.903712598,-0.995000282,-1.567445533,2.291540044,-3.738264854,-5.128721778,-2.457352448,3.322657849,-1.873702135,-2.482588833,1.820161837,-4.336250815,-4.313132159,-5.856158339,-7.241072642,3.948878856,1.773904942,-4.145881929,-0.762181489,4.951247687,-3.473575649,-5.549229091,1.952368293,-3.189517519,-10.69201066,3.848625211,2.582587074,8.11088005,-1.18177059,-6.558142625,-4.022226032,2.21974239,-2.526240101,0.879391766,1.721299968,-16.64431907,6.816500622,-2.010407156,-2.217128352,-1.88E-13,7.64E-15,-2.04E-16
-5.770467745,-24.55705142,12.70129222,-13.08561702,-13.79232156,2.347659285,-0.337026553,-3.323359372,-2.266282152,-1.500564234,3.029763688,7.477056033,-1.13241631,1.783129662,3.574586863,-7.359846037,0.771701514,3.856685034,-1.069790446,0.991141065,-2.641722352,-5.431966751,1.837667496,-1.303335218,-10.44138519,-1.749257844,1.686978823,-5.07487234,0.143772468,-4.84161878,-4.146287908,-7.781058182,-1.698376944,-5.718262719,-0.447314164,1.492110609,5.815177014,-0.594098032,-3.452205435,5.402362676,-4.283221902,-3.049682204,-1.655850677,-19.50606124,3.885162689,4.423161673,-5.74045426,-1.253688556,0.117720851,-1.87E-13,9.02E-15,-1.29E-15
-81.38499851,-29.96978205,-25.02617601,9.100325164,-4.254715063,-8.515656841,-6.869156022,8.298869346,-2.524732681,3.847972195,3.348280963,3.772207951,0.436163139,-4.767513261,1.114184409,7.496933628,4.369166276,-0.09007955,4.817166318,1.434790361,-1.94694013,2.017889931,-0.590889723,-7.264948567,4.623953525,-3.217950435,-4.502501572,-4.311673085,5.050677566,3.707427464,7.849942359,1.816386152,-4.021206352,0.497283707,-4.023163413,-8.455745745,-2.123920758,-4.873811134,-7.074139139,-8.30774278,6.866408269,-9.357262262,-13.78418589,-2.486467026,0.352112311,-1.202118769,1.389154121,-3.240034243,0.729114455,-1.89E-13,2.12E-14,1.48E-15
-76.60110138,-22.00857421,-27.10741068,7.017363913,-24.4481196,8.579276929,-7.818039241,-2.343865625,6.684992386,-23.88871456,10.02811469,11.52374728,-10.93537851,4.54274762,3.139117177,9.089468336,10.44833354,-1.413060337,-7.334447222,2.389174515,10.08949384,5.825963233,-4.10272012,-4.043177809,2.004433665,-7.710766602,-3.78395485,-6.652318385,-1.848240395,-5.327728598,-0.16181349,-1.443401448,-4.74468382,-0.56863535,3.398574784,-9.021921725,4.617226499,1.130071617,3.924000914,2.320204307,-6.99973978,6.629360237,4.183720657,5.447382054,2.608146295,-1.209720533,-1.348644701,-2.365568694,2.836123952,-1.90E-13,1.78E-14,2.01E-15
-72.80162869,-36.36024474,-13.51142226,-1.449248842,-2.625637234,-2.427844451,-2.170385354,0.856776463,-6.646393908,-4.900401666,-9.936474204,0.148608102,-3.396387396,-4.49869431,7.376603969,4.663068784,-6.498788189,-5.399723677,1.659348495,1.629809709,5.978596063,0.807701919,11.09261421,-0.623111854,-0.132633894,5.492377222,-2.068543444,6.302976435,-2.523585423,-9.512641047,-8.808394849,-1.977132935,10.36686819,4.643514988,5.767566641,5.167409605,3.259534233,13.84249996,-3.956259318,8.097258081,6.747523725,-4.5495596,-3.205019251,2.988659074,-3.415684139,1.830923318,3.178439038,-2.54960582,-0.081191914,-1.88E-13,2.22E-14,5.08E-16
39.8827587,15.59694125,-17.79659993,13.11980202,2.477065364,28.61336517,-14.28259253,6.459668556,-36.17197713,-9.005030882,17.81605475,-5.55481756,3.689746216,-2.471421737,1.935541294,-18.5483065,-6.544037468,-0.090635197,3.841808747,1.673943177,4.213789713,1.548620992,0.560163836,-1.432745564,1.243066141,-11.72252474,-0.6030703,11.08352139,-4.592131275,-3.32498306,2.586813681,6.118391046,-2.872124824,3.003627312,-8.731275721,1.376547351,3.789095935,0.935526817,-0.72635729,-0.481426397,0.708778943,0.077331635,-0.421512789,0.021473094,-0.953322083,0.412123968,-1.775020933,-0.215930353,-0.320371496,-1.91E-13,-1.11E-14,4.87E-16
61.75911842,-1.726125414,-4.280905321,11.65871273,-12.53529277,8.003428168,-16.02116564,30.04555536,14.91219655,-1.693292276,-16.49302743,13.19530446,1.787297452,-13.89574383,-3.966947507,-1.205111246,-11.59158047,-7.028806163,-12.29141906,-6.204357915,2.197800188,7.889838987,-7.864861315,-3.753836731,-12.50426408,1.121886739,6.413963391,-0.79104277,-11.4593198,0.706270241,-3.331716044,-1.272859133,-4.907337433,-2.827175345,2.727742072,3.566918919,-3.031173214,-2.26397626,-1.61465239,-3.620867668,5.987478056,1.589215937,-0.440000239,0.469957033,-2.212046221,0.032362901,-0.939462812,0.52986723,0.886197727,-1.87E-13,-8.10E-15,-2.08E-15
50.49925743,-11.92292628,2.691746988,-5.793682142,12.74861851,2.540597548,7.094274106,-4.352844501,-0.578387717,1.249404551,-4.28289828,12.71958128,2.869898466,2.848663362,-11.43214345,-3.745705802,-3.51159701,10.192244,-1.803747422,0.603671164,8.482351136,6.939172203,-0.014801795,-1.866735202,3.282415151,6.414743095,1.535785643,-2.353119086,5.498410358,5.796555376,-5.861624635,3.787073758,-8.215055772,-9.109084233,-8.662573847,-9.200534147,-0.329102068,6.817277065,1.081844206,7.046195462,2.816752098,-12.39201556,5.119537003,5.608647256,2.586110861,2.665705973,-3.233990839,1.807445598,0.072574077,-1.86E-13,-3.02E-15,-2.55E-15
1.880885752,54.71076771,-4.537090839,-21.31407009,-7.110584611,6.549396304,-12.62475568,4.66333709,-1.456673767,13.70459332,0.048075679,1.087010735,5.630628294,-1.890454417,2.403227038,-0.275406684,5.177041011,-5.335311824,3.176648053,-2.802193682,-5.135347757,0.768851442,12.01302013,9.454754729,3.048626421,-0.548441612,8.16532281,-6.245242128,2.358528535,0.300358095,-5.488680195,-7.398751694,-3.250861192,3.338099027,-1.43098262,0.11775272,6.856138207,-4.54516606,5.452633802,1.779770323,7.184795041,-0.200916074,1.124609583,3.476159416,10.57278266,-1.289959316,3.468371484,-8.75384725,1.789664916,-1.98E-13,-1.96E-14,5.79E-15
16.6703309,-13.45159204,29.39201543,-16.17680261,-13.30331195,-8.732797704,4.298593264,-2.212997727,-13.28434474,0.725450049,-7.085195245,-6.445536796,-0.097870022,3.080423802,1.346942091,5.275422889,0.877067615,-3.86070828,-4.825200978,0.95387309,-3.489778996,-3.778085557,2.05397251,0.62069987,-4.333891825,-4.354109657,2.620374639,3.056020235,0.751304932,-1.023716147,3.968056916,-5.557038576,-0.245310978,-2.318569704,-0.091102858,-3.235254138,0.857108412,-10.35648407,-14.11476743,6.532156314,0.304457016,0.894789614,2.34029807,9.900411179,-4.504877706,-3.231452452,-8.384654331,-3.724810222,-5.884269267,-1.87E-13,2.11E-15,-1.22E-15
34.61888276,-0.367777153,14.64271651,-11.80246461,23.01320861,-1.798338902,-10.59449825,-5.304271713,3.34092065,-4.023200779,-4.400815734,0.518747699,9.933436531,-17.55469922,2.904440789,0.677786806,-0.455580497,-0.496938798,-8.176283334,3.180310718,-0.942899877,16.37488888,1.788543808,-3.016359193,6.30784968,4.173312726,-24.14604974,5.590256881,6.611912315,-5.85112823,0.938617898,-7.988596952,0.246510492,-3.64427039,-1.111381993,5.188444498,3.179880888,-6.22128004,2.759290865,-1.237476096,-4.047527649,-0.389028535,1.383955833,-1.145579735,0.133963202,-2.075701711,1.019122414,-0.913955796,-0.704305854,-1.88E-13,-4.88E-15,-7.77E-16
-59.27630948,8.1839672,13.41935981,-10.79095181,5.194381784,14.75762186,-5.755017603,-10.80368952,7.764111437,-1.507211534,11.47759356,-5.22769661,-3.165014159,-3.13720546,2.347456507,10.19278355,-14.93246588,-9.776234805,4.72899838,8.522830238,2.373895309,3.779417763,-14.32121064,5.555536227,-2.0491701,-4.042607488,-0.398080774,1.221879838,-0.396892713,6.165994864,0.616259557,4.40924662,0.878088311,-2.252865111,3.778334359,0.722830644,-9.857792693,2.005006606,-0.98032317,0.526667091,0.398555001,-2.147497978,4.385012464,-2.978022161,5.934224176,3.28840822,3.156573238,-5.125715229,-10.49057945,-1.94E-13,4.92E-15,4.09E-15
45.588268,-9.666383236,14.36044929,-11.91563421,-23.94445213,-5.526334707,8.677817931,-3.130884401,-9.153125431,-7.899843636,-3.014940161,-4.578178448,-1.802618685,3.963704639,1.30437993,3.242630164,-1.15228186,-1.17548361,-1.144018272,-3.423061278,-1.576500786,-2.4821254,-5.18229515,0.544970217,-6.609852968,-8.502026214,1.576335191,3.471636541,4.677742629,0.186974643,-1.258189416,2.589703988,-3.105120742,-3.803562233,4.073765061,5.852693557,2.34334119,-6.755098926,0.48365259,-1.022123473,-6.368457904,-9.29512602,0.621137047,3.768224598,-2.176771278,6.953392405,13.76069058,0.804725302,5.892697128,-1.87E-13,-3.14E-15,-2.12E-15
66.24422007,-3.65718323,-22.85818277,5.911732296,4.681455192,17.76228508,-9.784024317,-14.69406358,0.582985218,-6.683763484,-27.39145084,-9.038933592,-5.730428498,8.705821203,1.714102109,17.01465866,-5.129569832,7.685368109,9.016630623,-4.468901869,-14.24486609,-10.81635907,-0.669531796,-3.880559435,10.77812624,-5.480653768,-3.073750084,1.854366407,-4.602511718,-5.654017317,-10.83609748,-3.189737796,-4.320858421,-4.657200813,-2.657929595,-2.720612406,-5.360280905,-0.216272501,1.772441851,-3.327280283,1.113923445,2.197745753,-1.074369769,-1.222901508,-0.235728266,0.172313712,-1.159265764,0.299893289,-0.330413957,-1.87E-13,-8.04E-15,-2.45E-15
3.437933527,-11.44918931,18.6401881,-9.176455907,-16.77491647,6.258136908,-2.33571918,-5.331537996,-5.056766649,-6.982238559,-2.026728406,-13.609609,-3.672500865,-8.924967104,0.847619142,-4.796554344,4.673795354,6.131698546,-1.524663183,-4.95847018,-7.632687485,-3.856307207,-4.499841926,-9.825260647,2.80335999,8.824942371,-11.27838647,-7.536654625,-9.4268071,16.57621211,1.246912326,5.807033822,1.269284911,10.15950198,2.479306215,-4.022467072,5.525215094,-2.128856413,0.489488692,6.983746261,7.71941716,2.381372141,3.857327498,-2.142505774,-0.115719229,2.118663067,2.061480387,1.860214112,0.869770318,-1.88E-13,3.21E-15,-4.64E-16
33.39995898,-5.168653872,-7.077938761,-4.202404932,8.315784434,-24.87775586,-13.16845526,-22.8411472,15.43317342,12.04728256,17.50072628,-5.029433673,3.98108256,-3.199537991,-4.846162135,-4.266040399,3.07285429,-6.584846659,-18.14039111,-18.68108557,4.429188974,-7.066699336,3.712873645,-0.862734897,5.159341308,-15.50999048,-0.64950087,3.504206009,-8.159918254,3.724299743,-3.927923444,2.935791796,4.952874831,-4.195956288,-1.018278323,-1.345177516,-0.914881715,3.946170976,-0.618958618,0.056192625,0.557618715,-0.650474104,-1.758536988,-0.620476954,-0.252892569,-0.593814926,-0.285693346,-1.073504988,0.451877442,-1.88E-13,-3.05E-15,-1.17E-15
56.35849539,-4.155656983,-17.24843771,3.413978912,3.326494916,8.000929166,-9.005561273,-5.599349162,-7.053878724,15.86340767,-16.46460739,-19.96014731,-14.31586691,2.658737442,-6.122657588,14.10197233,5.798961581,-1.494014619,-8.401250226,-0.270132051,13.52728163,-0.535956765,0.067744585,2.462045867,-7.105167229,3.026914058,1.730924602,-5.048363056,2.026124842,-2.726904697,16.45725881,4.414318574,0.668680398,0.804333836,1.667983985,5.766366255,6.283008735,2.582085457,8.04418484,-0.734425917,-0.707314876,-4.618489263,-0.662473421,-2.068446965,0.552480666,-1.691621463,-3.566673622,-0.358497865,-1.587320096,-1.87E-13,-6.52E-15,-2.07E-15
22.98958475,-10.09674077,28.80875127,-14.71270517,3.306040538,-15.12893653,0.68709382,-0.545576432,-12.98744094,4.48420949,1.136790041,12.33258403,0.158440841,3.528990581,0.97934657,5.430117872,5.483452547,-2.633360938,1.88866545,0.859871745,1.581510359,2.755082984,3.184006379,2.28215051,4.984112532,2.772378734,3.827367162,8.464167733,-12.51335084,-5.273815679,7.506348616,-2.638608369,-13.69859022,8.610162014,3.067369397,-5.249681099,-11.5832564,1.047879153,6.523381527,6.40874071,-0.992243678,-0.597890211,-0.56382444,-5.494230458,-2.164712432,-5.934237469,4.167396928,0.882260696,0.216432827,-1.88E-13,8.29E-17,-1.18E-15
-41.42546995,5.738749939,16.66216128,-14.49062569,3.080350451,11.12278855,-9.719619411,-11.41793502,2.416162981,5.821972373,7.630687289,-8.134754503,1.154397849,-4.550245167,0.991023257,7.607246663,-8.76222764,-7.737985676,4.675254824,6.43403027,-0.77655296,0.178707017,-7.088950821,7.789338156,-1.557497159,1.843559445,0.440217054,0.869076107,2.59792747,4.295745022,-0.11979014,-0.600090284,-1.025319577,-0.415832809,0.271495364,3.726388194,-4.884446812,2.269282134,-4.59921618,2.752999034,-0.63781568,0.559906792,-2.485745583,1.606931224,1.077474926,-4.395755339,-6.693422006,4.818955892,15.61076578,-1.93E-13,3.34E-15,3.09E-15
-56.51792331,-19.1779628,4.210539676,3.264993155,8.956486485,-6.205965603,-4.015562724,0.451351294,-0.032822131,11.74342954,1.130534366,-0.787531851,-2.813144826,9.889626863,9.799803487,-1.343550054,-0.641412646,-2.203399999,8.14292387,-7.763396527,0.756521322,2.1856946,-8.122675911,4.640862853,-0.751432993,13.53619637,2.489484599,13.03490811,-12.31388692,-4.412403486,1.101864821,-0.307008876,7.05965062,-6.801557666,-0.665662857,-9.414161863,10.62655748,-5.740327328,-0.269295476,-8.040833324,-0.249800946,-1.690390868,5.048907789,0.704963347,5.032482516,0.732772689,0.330869729,3.892493724,0.728199488,-1.89E-13,1.41E-14,1.41E-15
-35.50654256,83.56115339,-26.84649628,-26.44079669,0.159028992,-18.32207228,1.585568345,0.566788886,-8.189898452,-3.917134087,-15.67059504,0.501468454,-1.147085772,-7.042735689,6.963604019,2.572937863,-3.327389264,2.441520842,1.216893815,0.510365673,3.877941329,5.850259534,-3.942524136,8.650854971,-1.675856253,-6.003258828,0.904614101,-3.092680909,-0.04083335,6.968073668,-2.947472658,-4.669986514,1.422633993,4.813758801,-1.77083277,-8.655005136,4.513105759,5.278072553,-1.603468833,-4.220072384,-4.930886182,-1.040547667,1.188131162,-3.650380394,-9.160690897,0.835366387,-0.747534564,4.441130105,-1.7411207,-2.04E-13,-2.45E-14,1.01E-14
44.51559912,-9.602440169,13.9042275,-6.397509294,0.927309118,-14.1160112,-3.165956447,0.25502474,-13.81252011,2.177267586,5.697253773,13.73536153,-7.6382055,9.259372895,-7.036129647,0.812272799,7.502529635,-2.128550418,9.030328209,-9.734180296,-3.493120289,9.518958766,-11.79860116,12.97853912,-1.264839228,1.507441324,-7.740625362,-14.04122003,-0.333481425,-9.008732991,-9.026339764,11.70497708,5.839357639,5.470913526,-4.282058912,6.606617103,-2.419180644,-1.512000141,-0.378201186,-1.691142569,1.361688481,1.865837468,-2.485026118,1.094870925,-1.444568659,0.543253273,-2.70370276,-1.122659132,-0.994187383,-1.87E-13,-3.02E-15,-2.07E-15
60.05327529,-8.667713866,-18.60772369,-8.316797711,29.76891262,-10.96559724,-8.963911462,-3.174714512,6.934623468,-32.36294908,-0.120559486,4.462346772,25.58489584,1.417606862,18.60456706,5.108447449,12.39384324,-5.704585286,3.930204312,3.383320096,3.070219421,-11.98643581,-4.970231987,-1.302299566,-3.563272275,5.720942193,8.349466511,-3.419785092,1.120525061,1.339722039,4.595597424,4.221418186,0.392936955,1.957454856,-2.676386631,5.164397773,1.307648242,0.011181746,-0.571376875,0.131565304,1.638925992,-0.787922329,1.07110377,0.634084741,0.83543041,0.14925796,-0.794778791,0.19427945,-0.538117426,-1.86E-13,-5.45E-15,-2.65E-15
6.790202145,-19.48208842,14.68954498,-11.62720361,-19.86328739,-3.008779673,0.17793176,-15.00419969,-1.836795267,-8.46431095,-2.794868262,-13.24713902,6.803028406,-11.85913289,6.525801555,-10.40597986,-0.861605809,11.74629838,2.997368866,8.131265956,2.024586969,12.31941459,12.29515082,1.297556281,-3.483253082,-1.022758921,10.18505142,-6.704490688,-0.806281688,-5.799185359,0.587091708,6.469977959,9.443452109,-8.477138698,2.658514717,-6.696624611,-8.960825962,-3.465833423,7.291441752,-4.509020779,3.37054653,3.180519074,-2.015847765,0.497737131,-0.831376698,-0.43181619,-0.552821937,1.8602251,0.13409215,-1.87E-13,5.55E-15,-1.36E-15
-5.690397291,2.571204423,30.15140822,0.101948671,-2.933259448,-0.343764481,-4.980026966,0.383322703,1.487951391,9.536333584,5.329582838,-1.160227422,3.967303193,-6.978076769,0.818670567,0.207987627,-2.146091627,5.678792211,5.025965599,-1.428112665,2.898496271,-6.397050121,1.194667108,-8.037376484,1.440469027,11.85362377,2.493021348,0.41914862,-4.134857726,2.778596565,-1.238149397,-0.98648533,-3.108665861,3.900543108,-2.169196267,0.692009688,-1.338610887,4.330577025,4.257052348,-6.756710496,-12.36881173,1.83301419,-4.744832171,5.071234905,-4.92949518,9.66468918,-4.577427841,-10.61420944,0.891501366,-1.91E-13,-4.21E-16,1.24E-15
-27.2758875,23.53205229,30.99393758,34.44014895,8.898217885,-3.22284738,-10.21570915,3.727447681,3.298942957,12.71145117,-5.080836486,-4.394589694,2.801416743,24.18488013,28.95218098,-7.853939775,-8.002793509,12.5575533,-8.62858114,-6.341233358,3.856803406,6.509700635,-4.10814025,-7.662796951,-0.375476158,-3.657753532,-0.717031869,-4.909210047,8.275225532,-0.418875279,-0.31029593,0.096295304,-1.931043429,3.216466497,2.975220502,1.130610884,-3.152876773,0.889225167,-0.567602952,3.190438763,1.683523442,0.775176926,-0.095310815,0.143280992,-0.375708953,-1.299756835,0.838246916,-0.357279943,0.654364827,-1.95E-13,-4.77E-15,4.14E-15
-14.05850864,31.27163411,28.48897635,58.63596305,-0.30932877,-3.387884228,-6.705778612,-9.322271857,-5.208039735,-12.49286372,-7.810228756,12.13820622,2.099149942,6.474885011,-8.696068648,6.9257377,4.682606502,-9.445465768,0.83774304,3.327984019,-10.70766082,1.558516525,17.41354536,5.181790406,-13.35361781,0.161363162,-5.813700934,4.079563354,-0.934458842,9.802360758,1.817836903,4.555013108,4.212521154,-2.639892106,-0.151128532,-2.606559563,-0.357173209,2.110835175,0.910370848,-1.176085547,-2.364417073,-0.778222127,0.804089921,-1.154561582,1.065771776,-0.27898144,-0.379998878,-0.77748016,0.709508879,-1.95E-13,-9.26E-15,4.29E-15
-1.924704316,16.57137292,25.38965833,33.65418727,1.916667824,-4.934932989,-2.738574095,-4.620635135,4.25220651,-7.503490824,3.378077103,-3.648228221,-1.414796894,-15.3715522,-15.58670094,2.71033176,15.75002562,15.55048773,15.0881931,-9.519157051,3.81882145,3.934191859,-12.91440142,-3.420322981,1.130106833,-5.440476958,9.529070358,6.936297509,6.668601934,-3.400459148,1.888351135,-11.38613211,3.413108419,3.187099563,3.935703106,2.465919015,0.770541976,2.322503163,-1.908563195,1.676587981,4.378178799,-0.060424478,1.805955194,-0.556705155,1.145708922,0.23983248,-0.09917352,0.430149747,-0.200133792,-1.93E-13,-5.80E-15,2.39E-15
-23.49163554,2.194086791,16.56621776,-9.349082783,-13.62509455,11.80722046,-23.99335062,-6.32981043,11.31022082,7.379884103,9.17829398,4.49771428,-2.999820754,-2.343607612,-0.048647534,-0.358049756,6.740200362,-1.762629591,-1.328069705,1.205474198,-5.101491927,-2.55602725,9.284879009,-2.665728337,0.420363936,3.782176167,3.751932096,-0.910846538,4.96890395,-3.445980842,-3.185652989,1.555719575,-7.532218711,5.807103149,0.309068634,4.089936426,2.590478341,1.525041757,-3.139790431,-2.91478693,-3.7486865,-0.714449804,-4.105552972,4.539175706,1.62207936,1.897946317,0.874389099,14.79781028,-7.547879064,-1.91E-13,2.13E-15,1.98E-15
-57.7738444,38.15835407,-10.46473226,-10.13847403,-14.85646814,7.079875846,0.176527435,-3.668435095,15.60282588,5.099758546,14.22344523,5.97950736,-2.738575266,5.387988486,-2.013754287,0.460568185,7.464781895,4.039380908,1.615070232,4.05563262,-5.555386535,-4.147877327,1.440990844,-5.52363377,0.80285645,5.369067332,-0.369281067,5.064496158,2.619445062,-4.79176909,0.417161867,8.57223784,-3.642629449,-8.022476761,-0.140669749,7.060646359,1.65245581,-1.79846968,2.033871995,-1.718604046,7.603262351,-2.434133401,8.04131452,-3.404262661,-13.69987533,-4.430113725,-0.587373365,-3.855156505,0.579256986,-1.98E-13,-5.71E-15,6.82E-15
81.51286483,-0.562258535,-25.63185563,6.674427094,-22.27501286,-26.38189801,2.016273262,14.74405761,19.81853728,-7.513474744,17.79884661,-22.48995677,3.99744,14.98912551,-7.104660784,6.218305349,-12.9275053,3.249008904,12.57293181,6.079192136,-1.677666754,12.93240615,6.769804871,-1.42536222,0.889716208,2.434474951,-1.791692988,1.189587558,-4.151320888,1.864397557,0.066101605,-2.048386242,-3.220291872,2.598630557,-3.095987207,3.559023254,3.465630131,1.810593032,-2.432597918,2.257393031,-2.449358873,0.357206194,-0.166622526,-1.147249095,1.88441565,-1.526485285,-0.740160274,0.32466403,-0.864882591,-1.87E-13,-1.12E-14,-2.83E-15
44.31989585,3.376014844,11.52212932,7.621763862,-20.98888075,2.234845021,-1.283626633,25.0765805,9.596580444,3.808496027,-6.429425814,7.877316493,-4.118803804,-11.87384959,7.185715796,4.022636829,-2.026503963,-1.645026678,-1.994340605,-0.449622219,-6.646281897,-5.546729269,-2.594521857,3.021412785,17.71765197,-0.206528735,5.748678192,4.389161951,7.650288168,-0.281937563,4.504058967,10.82926857,12.70855936,-1.622670198,-6.171745613,-3.331156821,0.750240583,0.953851299,0.514446958,7.814453324,-8.255610892,-0.140667174,-0.290020475,-2.979745917,1.5173929,-3.616661011,0.681937519,-0.135083983,-0.075614627,-1.89E-13,-7.50E-15,-8.47E-16
45.44344356,3.766919371,-6.624320174,1.504996002,-6.004880532,19.27979708,1.119263821,22.15662467,-13.74485941,4.450025,10.66766455,-10.00316057,14.23270961,10.16104192,-4.550810627,-1.10723395,14.96412242,-11.61938401,1.062291495,-5.625191472,5.962617087,-2.351701798,1.522779113,0.583991993,7.356741731,6.000781295,-4.473883405,-6.036352739,2.742035409,3.864150545,-4.368577396,-7.775577197,5.415767593,-7.686229124,13.645074,-4.419564011,-7.604061617,3.157776789,-2.130987203,-2.871614774,-2.460094567,-1.905377308,1.57646507,-1.881045668,-2.948993008,-0.866790554,0.240692792,2.064621805,-0.824299363,-1.89E-13,-7.79E-15,-8.59E-16
54.56377339,-7.214010826,-16.58440855,0.03343073,-1.371453861,8.909619873,14.4374618,-14.45665075,1.468560897,11.09204262,-0.392453172,21.6595826,0.715667129,8.242608204,-0.034763116,0.629654091,-1.693522962,1.08960492,2.967444457,14.50578127,6.567849209,4.193990267,-1.798996894,-10.05915734,5.035411626,-5.566984998,4.173111765,4.58359857,-3.451412522,10.7775805,-6.368195842,-2.747172197,10.44815913,7.982687996,7.876130159,5.565142573,3.478776441,-8.612350904,4.922230904,-1.254479392,-0.796516959,-2.944561818,-3.934874318,0.53740561,-0.142671866,-2.903186149,-3.609610612,1.026794195,-0.73365656,-1.87E-13,-5.21E-15,-2.28E-15
48.1121379,2.194517341,-34.37654029,12.02344053,11.63431239,18.28611683,39.57488603,-7.212882636,-1.47502636,12.27349915,18.6591508,1.596553364,0.270653953,-12.54279319,14.9394634,14.91470488,4.138434195,3.778627924,-6.173982735,-11.11063839,-12.45584124,9.999062026,2.987891133,-0.120477728,-9.57852863,3.467431723,2.958972899,-0.32635667,-0.476912463,-1.824638169,1.028574552,0.772470722,-1.637664187,1.612393668,-1.038281527,-1.705495806,-1.091825578,2.200741437,-3.846737237,1.582266703,-1.396638553,2.504077127,-0.559685955,0.579951999,0.32751944,1.206319418,0.919347807,0.480626285,-0.09271759,-1.88E-13,-7.61E-15,-1.12E-15
5.707880119,-4.468782386,1.192944959,10.43684681,23.40037608,-7.333328429,7.772938679,15.70997744,10.00859998,8.684757902,-4.691160667,-13.39244895,-21.45361957,-5.810562255,10.00145285,-12.77594229,25.10714758,-3.733914275,2.568296071,20.30217209,-0.667863735,-1.079531559,-1.528056856,2.325497235,-3.001858752,-5.783256139,-2.334436513,1.150395227,-6.815199291,3.396341272,-8.086345918,-0.402991267,-3.512178645,-4.825756981,-4.267814838,2.573882988,-3.02607277,0.480566188,-0.25797136,2.108808513,-0.975246735,-0.299670701,-1.183888258,2.184045903,0.538524153,1.080181927,0.78091061,-0.120948922,0.195898519,-1.89E-13,4.77E-16,9.09E-17
46.3545307,-4.656553291,7.260116818,-9.266069868,-7.085804125,-13.265542,7.876963309,5.387114931,-5.003193655,1.32171066,5.297774974,-4.732273113,-3.402703987,3.943165906,-4.15065395,3.633743641,-1.532798632,-11.6768503,-10.30503557,7.702320095,-0.001187791,-6.886804255,-5.757256909,-8.32232423,-8.935367901,2.520166576,-1.415626069,11.20632662,17.19646314,-3.487494769,-7.199019334,-0.303606985,1.106731979,6.953822077,-3.926124599,-10.001704,-1.359616794,1.961513627,6.747048029,-4.716623282,7.740173872,7.0846147,0.203550351,-2.01926339,1.752230301,2.898759452,-1.198244728,0.769312689,0.656656806,-1.87E-13,-4.99E-15,-1.69E-15
-29.13736734,39.13960256,2.055007759,46.07722449,-9.84551053,-7.987107201,24.13363471,-14.72708988,-4.193409332,-1.997923968,-0.19220759,-6.445998744,7.961680216,-6.586477654,-5.944018407,-4.50432934,-8.963252187,-10.94676916,-9.797691148,9.148474996,6.138730435,-8.681478748,-7.071570303,2.419497589,11.80380097,8.190911492,1.43798142,-9.537445098,-5.429285847,-10.44711743,-2.76718944,-1.283806882,-4.733915399,-1.17872269,-1.903638047,1.189363217,2.598784031,-4.98583117,-0.39365584,1.784505853,1.283379332,-0.738861102,-3.189737346,-0.38742254,0.359849948,0.602499247,1.12355676,2.151153702,-0.909858522,-1.97E-13,-9.95E-15,5.68E-15
28.68318927,-18.9052915,-31.99469285,7.22240665,-19.61213278,10.17724485,2.755609199,-10.27398203,23.07538144,11.29953839,-9.763444231,3.983134785,11.16186942,0.472284146,-1.101763581,-22.48197063,-0.654528416,1.649087214,8.552941498,0.10657388,-2.2091381,-9.596111887,-5.295806721,13.70156611,-10.28696987,-1.124424846,-11.279505,1.779051062,2.660187219,-4.634796499,7.154146548,-3.605360983,0.360383707,8.247720466,0.965642747,-6.447880205,-3.738458154,1.78481685,0.754594129,1.789870701,-1.706287453,-2.184893528,0.532234653,3.282435524,-1.205621166,-1.428223394,0.735789014,-1.48030952,-0.52114562,-1.86E-13,2.37E-15,-2.25E-15
30.67746271,-7.561105258,25.66537339,-9.74258588,-16.46506916,-7.053045418,22.91506705,2.573078032,-1.896063842,1.764808374,-6.133873621,12.42101259,0.628465181,0.703491844,7.689897864,-2.221139382,-1.367091758,-0.51291759,3.29694778,2.66504557,-1.372820526,-1.987721131,2.145227074,3.732123073,11.09021409,-9.104271424,-5.837128921,-0.389796905,-1.441050431,1.963891795,11.9624106,-0.82517097,-4.970187902,-5.864167571,4.48751631,7.233788698,4.128482548,11.57695079,-1.948304884,-9.719811379,7.215537794,4.962040675,2.45842578,1.57314546,4.508657675,4.09370417,-2.965440606,1.426478737,0.431961172,-1.88E-13,-1.84E-15,-1.28E-15
-84.41833439,-38.71313435,-1.84E-14,-1.83E-14,-3.52E-15,5.71E-16,1.40E-15,-8.87E-15,8.65E-15,-1.23E-14,1.68E-14,-5.17E-15,-1.54E-14,5.26E-15,1.18E-14,-1.10E-14,7.33E-15,3.67E-15,5.79E-15,-7.55E-15,-4.19E-15,1.08E-14,6.50E-16,1.81E-14,1.28E-14,1.01E-14,-1.00E-14,8.00E-15,1.45E-14,3.77E-15,7.07E-15,-5.29E-16,2.11E-16,-7.65E-16,2.08E-15,8.71E-16,1.55E-15,-4.08E-15,-6.70E-16,6.50E-16,-9.60E-15,-6.84E-15,-2.52E-14,-5.19E-15,-4.19E-15,5.91E-15,-4.00E-15,3.71E-15,-6.16E-15,-3.06E-14,-1.27E-13,-6.99E-14
-41.57451957,84.86185259,2.00E-14,-2.52E-14,-4.51E-14,2.00E-15,1.43E-14,1.98E-14,-4.07E-15,1.04E-14,1.46E-14,-3.82E-14,-4.99E-15,-2.03E-14,3.24E-14,-8.64E-15,-1.42E-14,5.14E-15,1.20E-14,-8.07E-15,2.01E-15,-6.62E-15,-2.65E-14,-1.94E-14,1.83E-14,-1.88E-14,-7.56E-15,-1.67E-14,-7.80E-15,-2.04E-14,-8.54E-15,-6.88E-15,-7.78E-15,9.18E-15,1.06E-14,-4.98E-16,-2.47E-14,8.15E-15,2.43E-14,-4.82E-15,-1.86E-14,3.68E-15,4.70E-15,1.74E-14,7.81E-15,-1.70E-14,-1.91E-15,1.02E-14,-6.00E-15,-4.95E-14,7.30E-14,-6.81E-14
93.38862907,-8.797180251,-5.47E-15,-6.81E-15,-1.27E-14,3.43E-15,1.86E-14,3.21E-14,5.53E-15,3.81E-14,9.76E-15,-1.21E-15,2.00E-14,-9.31E-15,3.55E-15,3.36E-15,-2.10E-14,4.06E-14,0,5.79E-15,1.24E-14,4.96E-16,-7.23E-15,-4.84E-15,-1.56E-16,-1.20E-14,-2.47E-15,-9.20E-15,-7.00E-15,-2.27E-14,-1.94E-14,-7.93E-16,-7.00E-15,-5.10E-16,1.06E-14,1.07E-14,-3.33E-15,-4.16E-15,-8.04E-15,6.18E-15,-5.32E-16,1.64E-14,1.98E-14,-1.27E-15,-1.91E-15,-8.86E-15,-5.22E-16,9.58E-15,-7.04E-15,-2.99E-14,8.07E-14,-4.43E-14
